12,14,15,admin,apache,beans,boot,code,com,core,creat,curator,definit,deploy,dirt,dofilt,error,factory,fail,framework,hadoop,http,info,integration,invok,jar,java,job,lang,log,main,method,modul,org,reflect,releas,run,server,servlet,spring,springframework,stream,sun,support,test,time,use,util,web,xd,story_point
0.0,0.0,0.0,0.0,0.0,0.0,0.0,0.030843228439969193,0.0,0.0,0.4617540148515016,0.0,0.5720727549875904,0.42831984700690573,0.0,0.0,0.0,0.0,0.0,0.0,0.0,0.013406217041817298,0.0,0.0,0.0,0.0,0.0,0.5243348834794763,0.0,0.0,0.0,0.0,0.0,0.0,0.0,0.0,0.0,0.0,0.0,0.0,0.0,0.0,0.0,0.0,0.0,0.0,0.0,0.0,0.0,0.0,1
0.0,0.0,0.0,0.0,0.0,0.0,0.0,0.0,0.23540091127457252,0.0,0.0,0.0,0.0,0.0,0.0,0.0,0.2070597652460696,0.0,0.0,0.0,0.0,0.2070597652460696,0.0,0.0,0.0,0.0,0.4100715069163425,0.0,0.0,0.0,0.3234903615402439,0.0,0.0,0.19371244470836954,0.0,0.0,0.0,0.0,0.0,0.42680153396834203,0.20503575345817124,0.42680153396834203,0.0,0.0,0.0,0.0,0.3770291675494025,0.0,0.0,0.0,1
0.0,0.0,0.0,0.0,0.0,0.0,0.0,0.0,0.0,0.0,0.2347217807541799,0.0,0.0,0.0,0.0,0.0,0.0,0.0,0.0,0.0,0.0,0.0,0.0,0.0,0.0,0.0,0.0,0.9720625934782114,0.0,0.0,0.0,0.0,0.0,0.0,0.0,0.0,0.0,0.0,0.0,0.0,0.0,0.0,0.0,0.0,0.0,0.0,0.0,0.0,0.0,0.0,1
0.0,0.0,0.0,0.0,0.0,0.0,0.0,0.0,0.0,0.0,0.0,0.0,0.9339476213594318,0.0,0.0,0.0,0.0,0.0,0.0,0.0,0.0,0.0,0.0,0.0,0.0,0.0,0.0,0.33233418872637255,0.0,0.0,0.0,0.0,0.0,0.0,0.0,0.0,0.0,0.0,0.0,0.0,0.0,0.0,0.0,0.0,0.0,0.0,0.13151360218868322,0.0,0.0,0.0,2
0.3530437662953713,0.0,0.0,0.11640223846502883,0.15940550136917234,0.0,0.10698344104799701,0.15754496165711696,0.0,0.03424597918813576,0.0,0.0,0.0,0.0,0.0,0.0,0.04565198600898482,0.0,0.0,0.0,0.0349299594640592,0.0,0.0,0.0,0.0,0.8064834835107644,0.2034258177435221,0.0,0.024535115403738778,0.15435500734391297,0.0,0.0,0.02305391611028755,0.19219141933670617,0.0,0.0,0.04803607293206473,0.02831516214590331,0.0,0.16467511619080838,0.06780860591450737,0.0,0.0,0.061742002937565196,0.05379998863608014,0.0,0.020781596875532094,0.0,0.0,0.0,1
0.0,0.5632362921904779,0.0,0.0,0.0,0.0,0.04831352384261021,0.0,0.0,0.0,0.005726570036885962,0.0,0.013329470901555614,0.0,0.03998841270466684,0.13103813517367416,0.005154088083402722,0.0,0.004958630743077186,0.0,0.0,0.030924528500416326,0.0,0.0,0.019712638242154374,0.4324951564490065,0.321533528910393,0.029644588712134542,0.0166200190154837,0.0,0.0,0.05665573579534917,0.0,0.26520171648530466,0.024156761921305104,0.2233523227651895,0.016269751179536326,0.1662319722057409,0.32046202831527193,0.13811010105546262,0.13269637701063838,0.0,0.015465420777382138,0.01394128708982302,0.0,0.0,0.009384930661214059,0.02628351765620583,0.2745806245302036,0.023836523805054407,3
0.0,0.0,0.0,0.0,0.0,0.0,0.0,0.0,0.0,0.0,0.38607727395189106,0.0,0.0,0.0,0.0,0.0,0.0,0.0,0.33430389002320055,0.0,0.0,0.0,0.0,0.0,0.0,0.0,0.0,0.7994385416530843,0.0,0.0,0.0,0.0,0.0,0.0,0.0,0.0,0.0,0.0,0.0,0.0,0.0,0.0,0.0,0.0,0.0,0.0,0.3163593933690325,0.0,0.0,0.0,3
0.0,0.0,0.0,0.0,0.0,0.0,0.0,0.1791580459578611,0.0,0.0,0.4326089273037226,0.0,0.4027854768984111,0.0,0.0,0.0,0.1557445034376799,0.0,0.07491911957211957,0.0,0.0,0.0,0.0,0.0,0.0,0.0,0.0,0.7166321838314444,0.0,0.0,0.0,0.0,0.07864982513978712,0.07285251307744521,0.0,0.0,0.0,0.0,0.0,0.0,0.07711104948700216,0.0,0.0,0.0,0.0,0.0,0.0,0.0,0.0,0.2400946914129123,1
0.0,0.0,0.0,0.0,0.0,0.0,0.0,0.0,0.0,0.0,0.0,0.0,0.0,0.0,0.0,0.0,0.0,0.0,0.0,0.0,0.0,0.42800885688256873,0.0,0.0,0.0,0.0,0.0,0.0,0.0,0.0,0.0,0.0,0.4322826296796297,0.0,0.0,0.0,0.0,0.0,0.0,0.4411162073240698,0.0,0.0,0.0,0.0,0.0,0.0,0.0,0.0,0.0,0.6598156091995468,5
0.0,0.0,0.0,0.7429692175226907,0.0,0.0,0.0,0.22346087427442693,0.0,0.0,0.0,0.0,0.0,0.0,0.0,0.0,0.0,0.0,0.09344538153421171,0.0,0.0,0.5827726471710833,0.0,0.0,0.0,0.0,0.0,0.0,0.0,0.0,0.0,0.0,0.0980986290250196,0.0,0.0,0.0,0.0,0.0,0.0,0.0,0.0,0.20020649551094694,0.0,0.0,0.0,0.0,0.0,0.0,0.0,0.0,1
0.0,0.0,0.0,0.0,0.0,0.0,0.0,0.0,0.0,0.0,0.0,0.0,0.0,0.6081242346301883,0.0,0.0,0.590054398784389,0.0,0.0,0.0,0.0,0.0,0.0,0.0,0.0,0.0,0.0,0.0,0.0,0.0,0.0,0.0,0.0,0.0,0.0,0.0,0.3104344258792391,0.3659750086928365,0.0,0.0,0.0,0.0,0.0,0.0,0.0,0.0,0.0,0.0,0.0,0.22740598490793162,1
0.0,0.0,0.0,0.10757143568673973,0.0,0.0,0.0,0.194123846576026,0.0,0.5063667773190101,0.0,0.0,0.0,0.0,0.0,0.0,0.0,0.0,0.16235483698956854,0.0,0.0,0.0,0.0,0.0,0.0,0.0,0.2506573477049191,0.388247693152052,0.27208524064728723,0.0,0.0,0.0,0.1704395301594032,0.3946908997503319,0.0,0.0,0.0,0.0,0.0,0.0,0.4177622461748652,0.0,0.0,0.0,0.0,0.0,0.0,0.0,0.145004560818864,0.0,2
0.0,0.0,0.0,0.9417650609194008,0.0,0.0,0.0,0.0,0.0,0.0,0.0,0.0,0.0,0.0,0.0,0.0,0.0,0.0,0.0,0.0,0.0,0.0,0.0,0.0,0.0,0.0,0.0,0.0,0.0,0.0,0.0,0.0,0.0,0.0,0.0,0.0,0.0,0.0,0.0,0.0,0.0,0.0,0.0,0.0,0.0,0.0,0.3362715718455504,0.0,0.0,0.0,2
0.0,0.0,0.0,0.0,0.0,0.0,0.0,0.0,0.0,0.0,0.0,0.0,0.0,0.4088216944759503,0.0,0.0,0.0,0.0,0.0,0.0,0.0,0.0,0.0,0.0,0.0,0.0,0.0,0.9126142789403487,0.0,0.0,0.0,0.0,0.0,0.0,0.0,0.0,0.0,0.0,0.0,0.0,0.0,0.0,0.0,0.0,0.0,0.0,0.0,0.0,0.0,0.0,1
0.0,0.0,0.0,0.0,0.0,0.0,0.0,0.0,0.4256029804696387,0.0,0.0,0.0,0.0,0.0,0.0,0.0,0.0,0.0,0.0,0.0,0.0,0.37436241324181324,0.0,0.0,0.0,0.0,0.0,0.0,0.0,0.0,0.0,0.0,0.0,0.0,0.0,0.0,0.0,0.0,0.0,0.7716537881795419,0.0,0.0,0.0,0.0,0.0,0.0,0.0,0.0,0.0,0.2885573041101002,3
0.0,0.0,0.0,0.0,0.0,0.0,0.0,0.0,0.4004233559829159,0.0,0.0,0.0,0.0,0.0,0.0,0.0,0.0,0.0,0.33885735067048867,0.0,0.0,0.352214295348065,0.0,0.0,0.0,0.0,0.0,0.0,0.0,0.0,0.0,0.0,0.0,0.0,0.0,0.0,0.0,0.0,0.0,0.7260010237212722,0.0,0.0,0.0,0.0,0.0,0.0,0.0,0.0,0.0,0.2714856084364095,1
0.0,0.0,0.0,0.8690352902806703,0.0,0.0,0.0,0.0,0.0,0.0,0.0,0.0,0.0,0.0,0.0,0.0,0.3408283847146667,0.0,0.0,0.0,0.0,0.0,0.0,0.0,0.0,0.0,0.0,0.0,0.0,0.0,0.0,0.0,0.0,0.0,0.0,0.0,0.35862748977118636,0.0,0.0,0.0,0.0,0.0,0.0,0.0,0.0,0.0,0.0,0.0,0.0,0.0,1
0.0,0.0,0.0,0.11350971089373121,0.0,0.0,0.41729986034325417,0.03414001365968565,0.033740578486836655,0.0,0.0,0.0,0.0,0.0,0.07675402804107989,0.0,0.05935674779612146,0.0,0.04282933125144786,0.0,0.0,0.02967837389806073,0.0,0.0,0.018918285148955202,0.0,0.4996005461915838,0.0,0.04785086426081781,0.0,0.11591662787312616,0.020389762495265033,0.0,0.47200959612222937,0.0,0.0,0.15614134867996227,0.0736307917894257,0.0,0.061174489840289066,0.4996005461915838,0.0,0.0,0.14048475061138752,0.0,0.0,0.0,0.018918285148955202,0.0,0.08006597192497765,3
0.0,0.0,0.0,0.2392390538929399,0.0,0.0,0.0,0.0,0.0,0.0,0.0,0.0,0.0,0.0,0.0,0.0,0.0,0.0,0.0,0.0,0.5743264435390303,0.0,0.0,0.0,0.0,0.0,0.0,0.0,0.0,0.0,0.0,0.0,0.0,0.0,0.0,0.0,0.0,0.0,0.7071331739840615,0.0,0.0,0.0,0.0,0.0,0.0,0.0,0.1708479025987275,0.0,0.0,0.2892878839029779,3
0.6962369876008964,0.0,0.0,0.1475721313503007,0.0,0.0,0.0,0.13315463162807942,0.0657983670439809,0.0,0.0,0.0,0.0,0.0,0.0,0.0,0.11575311548229389,0.0,0.05568171786642494,0.0,0.0,0.057876557741146945,0.0,0.0,0.0,0.0,0.2865540683367184,0.0,0.0,0.0,0.0,0.0,0.0,0.0,0.0,0.0,0.0,0.0,0.0,0.0,0.0,0.0,0.6078279153270213,0.0,0.0,0.0,0.0,0.0,0.0,0.0,3
0.0,0.0,0.0,0.0,0.0,0.5383788910586855,0.0,0.0,0.0,0.02538922283845298,0.0564070638074614,0.0,0.021882683433561003,0.017440934756781334,0.0,0.0,0.016922693893968187,0.2908210626861702,0.016280938323218516,0.0,0.2071704873028408,0.0,0.0,0.0,0.0,0.34878041536226656,0.26811638960129647,0.0,0.036379600006793925,0.0,0.0,0.02325260207740894,0.01709167111874761,0.2691412251098426,0.0,0.286960955092028,0.0,0.0,0.0,0.22673215183815734,0.2848736639513775,0.06976373902712533,0.0,0.29753214256208776,0.0,0.024463785259539166,0.0,0.021574520873294385,0.0,0.0,2
0.0,0.0,0.0,0.0,0.0,0.0,0.0,0.0,0.0,0.0,0.13255059666530222,0.0,0.1542659314260968,0.36885906429604937,0.0,0.0,0.0,0.0,0.45910166777263905,0.0,0.0,0.0,0.0,0.0,0.0,0.0,0.0,0.0,0.0,0.16134666214989626,0.0,0.0,0.0,0.0,0.0,0.0,0.0,0.0,0.0,0.0,0.0,0.7377181285920987,0.0,0.0,0.0,0.1724618751959293,0.10861459397105992,0.0,0.0,0.0,2
0.0,0.0,0.0,0.0,0.0,0.0,0.6183234992410594,0.0,0.14998274290749375,0.0,0.0,0.0,0.0,0.0,0.0,0.0,0.0,0.0,0.0,0.0,0.0,0.13192553660577863,0.0,0.0,0.0,0.0,0.0,0.0,0.0,0.0,0.0,0.0,0.5329713810243801,0.0,0.0,0.0,0.0,0.0,0.0,0.4078968793818705,0.0,0.0,0.0,0.35684523635185356,0.0,0.0,0.0,0.0,0.0,0.0,2
0.0,0.0,0.0,0.0,0.0,0.0,0.0,0.0,0.0,0.0,0.2420413844214962,0.0,0.0,0.22451592278649743,0.0,0.0,0.0,0.0,0.0,0.0,0.0,0.0,0.0,0.0,0.2777272852684044,0.0,0.0,0.0,0.0,0.0,0.0,0.0,0.8800795064489119,0.0,0.0,0.0,0.0,0.0,0.0,0.0,0.0,0.0,0.0,0.0,0.0,0.0,0.19833352210036312,0.0,0.0,0.0,3
0.0,0.0,0.010005598515896011,0.0,0.23582418025767352,0.0,0.05457623756889935,0.013394925374984679,0.0,0.4367537344196952,0.006468885354050461,0.0,0.0,0.006000493544258995,0.0,0.17079709843502483,0.011644389119997706,0.0,0.005601400765802796,0.0,0.0,0.011644389119997706,0.0,0.0,0.06680375652074132,0.48855799636253633,0.40933506002445563,0.0,0.018774414160796143,0.0,0.0,0.07199979905814313,0.0,0.2995788907828901,0.03638415837926623,0.21939539651930415,0.036757484651870204,0.01444461872733582,0.12066746808561728,0.16801381923925182,0.14989734592444853,0.006000493544258995,0.02620522406518171,0.015748447550815284,0.0,0.0,0.0,0.0371131980670785,0.3101735539927763,0.0,3
0.0,0.0,0.0,0.0,0.0,0.0,0.0,0.0,0.3084032734320564,0.0,0.0,0.0,0.0,0.0,0.0,0.0,0.5425459829548145,0.0,0.5219711318625063,0.0,0.0,0.5425459829548145,0.0,0.0,0.0,0.0,0.0,0.0,0.0,0.0,0.0,0.0,0.0,0.0,0.0,0.0,0.0,0.0,0.0,0.0,0.0,0.0,0.0,0.0,0.0,0.0,0.0,0.0,0.0,0.20909632038310583,1
0.0,0.0,0.0,0.0,0.0,0.0,0.0,0.0,0.0,0.0,0.0,0.0,0.0,0.0,0.0,0.0,0.0,0.0,0.0,0.0,0.0,0.0,0.0,0.0,0.0,0.0,0.0,0.0,0.0,0.0,0.0,0.0,1.0,0.0,0.0,0.0,0.0,0.0,0.0,0.0,0.0,0.0,0.0,0.0,0.0,0.0,0.0,0.0,0.0,0.0,2
0.0,0.0,0.0,0.0,0.0,0.0,0.0,0.0,0.0,0.0,0.0,0.0,0.0,0.0,0.0,0.0,1.0,0.0,0.0,0.0,0.0,0.0,0.0,0.0,0.0,0.0,0.0,0.0,0.0,0.0,0.0,0.0,0.0,0.0,0.0,0.0,0.0,0.0,0.0,0.0,0.0,0.0,0.0,0.0,0.0,0.0,0.0,0.0,0.0,0.0,3
0.0,0.0,0.0,0.0,0.0,0.0,0.0,0.0,0.22248653658231418,0.0,0.0,0.0,0.0,0.20169334644137474,0.0,0.0,0.0,0.0,0.0,0.0,0.0,0.19570021961984313,0.0,0.0,0.0,0.2881017319665827,0.0,0.0,0.0,0.0,0.0,0.0,0.7906173361207584,0.0,0.0,0.0,0.0,0.0,0.0,0.20169334644137474,0.0,0.0,0.0,0.0,0.0,0.0,0.17817244891787418,0.0,0.0,0.30169015793142745,3
0.0,0.0,0.0,0.0,0.0,0.0,0.0,0.0,0.0,0.0,0.0,0.0,0.0,0.0,0.0,0.0,0.0,0.0,0.0,0.0,0.0,0.0,0.0,0.0,0.0,0.0,0.0,0.0,0.0,0.0,0.0,0.0,0.9116766289557126,0.0,0.0,0.0,0.0,0.0,0.0,0.0,0.0,0.0,0.0,0.0,0.0,0.0,0.41090841341587053,0.0,0.0,0.0,2
0.0,0.26080379208470333,0.0,0.0,0.0,0.0,0.0,0.31846131577152215,0.47210301935959675,0.0,0.30759256714834743,0.0,0.0,0.0,0.0,0.0,0.0,0.0,0.0,0.0,0.0,0.0,0.0,0.0,0.0,0.0,0.1370682859866063,0.0,0.0,0.0,0.0,0.0,0.1398035274681881,0.0,0.0,0.0,0.0,0.0,0.0,0.0,0.0,0.5706414976979084,0.0,0.0,0.0,0.20010468553635777,0.25204746436331377,0.0,0.0,0.21338944318218792,0
0.0,0.0,0.0,0.0,0.0,0.0,0.0,0.0,0.0,0.0,0.0,0.0,0.0,0.0,0.0,0.0,0.0,0.0,0.0,0.0,0.0,0.5321297648749386,0.0,0.0,0.0,0.0,0.0,0.0,0.0,0.0,0.0,0.0,0.0,0.4978280427079297,0.0,0.0,0.0,0.0,0.0,0.5484257157563546,0.0,0.0,0.0,0.0,0.0,0.0,0.0,0.0,0.0,0.41016385448362497,8
0.0,0.0,0.0,0.0,0.0,0.0,0.0,0.0,0.25121283167629244,0.0,0.0,0.0,0.0,0.0,0.0,0.0,0.0,0.0,0.0,0.0,0.0,0.22096800590980617,0.0,0.0,0.0,0.0,0.0,0.0,0.0,0.0,0.0,0.0,0.0,0.0,0.0,0.0,0.23250763385074466,0.0,0.0,0.6832048015326904,0.0,0.0,0.0,0.2988480559707979,0.0,0.0,0.40235428270778983,0.0,0.0,0.34064280934492425,5
0.0,0.0,0.0,0.0,0.0,0.0,0.0,0.6894300922801982,0.0,0.0,0.0,0.0,0.0,0.0,0.0,0.0,0.0,0.0,0.0,0.0,0.0,0.2996654345136931,0.0,0.0,0.0,0.0,0.0,0.0,0.0,0.0,0.0,0.0,0.0,0.0,0.0,0.0,0.0,0.0,0.0,0.6176847876541371,0.0,0.0,0.0,0.0,0.0,0.0,0.0,0.0,0.0,0.23098112112659872,3
0.0,0.0,0.0,0.6695723199016618,0.0,0.0,0.0,0.0,0.0,0.0,0.0,0.0,0.0,0.0,0.0,0.0,0.5252013463527615,0.0,0.0,0.0,0.0,0.5252013463527615,0.0,0.0,0.0,0.0,0.0,0.0,0.0,0.0,0.0,0.0,0.0,0.0,0.0,0.0,0.0,0.0,0.0,0.0,0.0,0.0,0.0,0.0,0.0,0.0,0.0,0.0,0.0,0.0,1
0.0,0.0,0.0,0.5702737425025859,0.0,0.0,0.0,0.3430394317015842,0.16951295018189685,0.0,0.0,0.0,0.0,0.0,0.0,0.0,0.1491044001520125,0.0,0.0,0.0,0.0,0.1491044001520125,0.0,0.0,0.0,0.0,0.0,0.6860788634031684,0.0,0.0,0.0,0.0,0.0,0.0,0.0,0.0,0.0,0.0,0.0,0.0,0.0,0.0,0.0,0.0,0.0,0.0,0.0,0.0,0.0,0.11492917615911123,2
0.0,0.0,0.0,0.5230597762516628,0.0,0.0,0.0,0.23597894530956057,0.0,0.0,0.0,0.0,0.0,0.0,0.0,0.0,0.10256983844205717,0.0,0.0,0.0,0.0,0.20513967688411433,0.0,0.0,0.0,0.0,0.10156721699195151,0.0,0.0,0.0,0.0,0.0,0.0,0.0,0.0,0.0,0.0,0.7634143074155049,0.0,0.0,0.0,0.0,0.0,0.0,0.0,0.0,0.0,0.0,0.0,0.1581209812574355,5
0.0,0.0,0.0,0.0,0.0,0.0,0.0,0.0,0.3970732715226003,0.0,0.0,0.0,0.0,0.0,0.0,0.0,0.0,0.0,0.0,0.0,0.0,0.3492675450651047,0.0,0.0,0.0,0.0,0.0,0.0,0.0,0.0,0.0,0.0,0.0,0.0,0.0,0.0,0.0,0.0,0.0,0.7199270404947652,0.0,0.3599635202473826,0.0,0.0,0.0,0.0,0.0,0.0,0.0,0.2692142631104367,2
0.0,0.0,0.0,0.5780237082065836,0.0,0.0,0.0,0.6519399465391273,0.0,0.0,0.0,0.0,0.0,0.0,0.0,0.0,0.11334803603384441,0.0,0.0,0.0,0.0,0.22669607206768883,0.0,0.0,0.0,0.0,0.0,0.26077597861565094,0.0,0.1532974879207121,0.0,0.0,0.0,0.0,0.0,0.0,0.0,0.0,0.0,0.2336384163966012,0.0,0.0,0.0,0.0,0.0,0.0,0.0,0.0,0.0,0.17473657903243525,2
0.0,0.0,0.0,0.0,0.0,0.0,0.0,0.0,0.21442252408465148,0.0,0.0,0.0,0.0,0.0,0.0,0.0,0.0,0.0,0.0,0.0,0.0,0.18860707573324267,0.0,0.0,0.0,0.5553190005147036,0.0,0.0,0.0,0.0,0.0,0.0,0.7619614534894612,0.0,0.0,0.0,0.0,0.0,0.0,0.0,0.0,0.0,0.0,0.0,0.0,0.0,0.17171459813335566,0.0,0.0,0.0,5
0.0,0.0,0.0,0.0,0.0,0.0,0.0,0.0,0.0,0.0,0.0,0.0,0.0,0.0,0.0,0.0,0.0,0.0,0.0,0.0,0.4004543485416354,0.0,0.0,0.0,0.0,0.0,0.0,0.0,0.0,0.8848011114019033,0.0,0.0,0.0,0.0,0.0,0.0,0.0,0.0,0.0,0.0,0.0,0.0,0.0,0.0,0.0,0.0,0.23825051520626597,0.0,0.0,0.0,1
0.0,0.0,0.0,0.0,0.0,0.0,0.0,0.04742351646002743,0.023434332733305634,0.4020345994235287,0.04580500189105284,0.0,0.07996363040001801,0.04248840458579714,0.0,0.0,0.020612950936272283,0.0,0.019831250565407722,0.13804698252215278,0.06308680989229482,0.0,0.0,0.036432266425622147,0.13139590629637002,0.0,0.5102864770942178,0.23711758230013716,0.022156369273113784,0.0,0.0,0.08496958263834112,0.0,0.4242527393142837,0.12881480750954544,0.0,0.06506826763188168,0.0,0.0,0.0,0.44905209984291167,0.04248840458579714,0.12370295366877807,0.1951458177320287,0.024291966748374704,0.0,0.0,0.0,0.0,0.015888394084270615,3
0.0,0.0,0.05630977060461671,0.0,0.4576474230638029,0.0,0.0,0.0753843134853989,0.0,0.0,0.0,0.0,0.0,0.0,0.0,0.0,0.03276629974390131,0.0,0.06304742123837541,0.0,0.6016958937732597,0.0,0.05353606535168955,0.0,0.0,0.048237185040935875,0.4542441225730338,0.11307647022809833,0.1056591420244316,0.0,0.05119093097538339,0.04502248485187165,0.0,0.3678497376771558,0.0,0.0,0.1379098262145409,0.0,0.0,0.0,0.0648920175104334,0.0,0.0,0.0,0.0,0.0,0.0,0.0,0.0,0.12628077479637834,5
0.0,0.0,0.0,0.0,0.0,0.0,0.40980803174130365,0.0,0.0,0.0,0.0,0.0,0.0,0.0,0.07537605484425189,0.0,0.029145554907309138,0.0,0.0,0.0,0.0,0.0,0.0,0.0,0.0,0.08581374986940986,0.5483524781466989,0.0,0.03132786175024663,0.0,0.0,0.0,0.058873160759196186,0.5180691528775737,0.0,0.0,0.09200287590319439,0.0,0.0,0.0,0.46177050791300955,0.06007621774329334,0.0,0.0,0.0,0.0,0.05307030214879835,0.037157286342903974,0.05008742286441136,0.11232648435533005,2
0.0,0.0,0.0,0.0,0.0,0.0,0.0,0.0,0.0,0.0,0.0,0.0,0.0,1.0,0.0,0.0,0.0,0.0,0.0,0.0,0.0,0.0,0.0,0.0,0.0,0.0,0.0,0.0,0.0,0.0,0.0,0.0,0.0,0.0,0.0,0.0,0.0,0.0,0.0,0.0,0.0,0.0,0.0,0.0,0.0,0.0,0.0,0.0,0.0,0.0,1
0.0,0.0,0.0,0.0,0.0,0.0,0.0,0.0,0.0,0.0,0.0,0.0,0.0,0.0,0.0,0.0,0.0,0.0,0.0,0.0,0.0,0.0,0.0,0.0,0.0,0.0,0.0,0.0,0.0,0.0,0.0,0.0,1.0,0.0,0.0,0.0,0.0,0.0,0.0,0.0,0.0,0.0,0.0,0.0,0.0,0.0,0.0,0.0,0.0,0.0,3
0.0,0.0,0.0,0.0,0.0,0.0,0.0,0.0,0.2607875485423487,0.0,0.0,0.0,0.0,0.0,0.0,0.0,0.0,0.0,0.4413817349389682,0.0,0.0,0.2293899725702103,0.0,0.0,0.0,0.0,0.0,0.0,0.0,0.0,0.0,0.0,0.0,0.0,0.0,0.0,0.0,0.0,0.0,0.4728296299069627,0.0,0.0,0.0,0.0,0.5406633531815754,0.0,0.20884479971168218,0.0,0.0,0.3536260571757453,2
0.0,0.0,0.0,0.0,0.0,0.0,0.0,0.07750454760746714,0.0,0.0,0.22457819757319453,0.0,0.2178084300021601,0.06943906360804976,0.0,0.0,0.0,0.0,0.12964134406673758,0.0,0.0,0.0,0.0,0.0,0.0,0.0,0.0,0.8525500236821386,0.0,0.0,0.0,0.0,0.0,0.12606525234066324,0.0,0.0,0.0,0.0,0.0,0.0,0.13343429761302056,0.0,0.0,0.0,0.0,0.0,0.0,0.0,0.0,0.3375645152280195,3
0.0,0.0,0.0,0.0,0.0,0.0,0.0,0.0,0.0,0.0,0.0,0.0,0.0,0.0,0.0,0.0,0.0,0.0,0.0,0.0,0.0,0.0,0.0,0.0,0.0,0.0,0.0,0.0,0.0,0.0,0.0,0.0,0.0,0.0,0.0,0.0,0.0,0.0,0.0,0.0,0.0,0.6583068153753884,0.0,0.0,0.7527497172568809,0.0,0.0,0.0,0.0,0.0,1
0.0,0.0,0.0,0.0,0.0,0.0,0.0,0.0,0.0,0.0,0.0,0.0,0.0,0.0,0.0,0.0,0.0,0.0,0.0,0.0,0.0,0.0,0.0,0.0,0.0,0.0,0.0,0.0,0.0,0.0,0.896792244439479,0.0,0.0,0.0,0.0,0.0,0.0,0.0,0.0,0.0,0.0,0.0,0.0,0.0,0.0,0.0,0.0,0.0,0.0,0.44245188474364283,1
0.0,0.0,0.0,0.0,0.0,0.0,0.0,0.0,0.0,0.0,0.0,0.0,0.0,0.0,0.0,0.0,0.0,0.0,0.0,0.0,0.0,0.0,0.0,0.0,0.0,0.0,0.0,0.0,0.0,0.0,0.0,0.0,0.0,0.0,0.0,0.0,0.0,0.0,0.0,0.0,0.0,0.0,0.0,0.0,0.0,0.0,0.0,0.0,0.0,1.0,1
0.0,0.0,0.0,0.0,0.0,0.2967177080956107,0.0,0.0,0.0,0.0,0.0,0.0,0.0,0.0,0.06202410134678843,0.0,0.023982773509632477,0.28850530567732746,0.046146560208031526,0.0,0.0,0.0,0.0,0.08477648802731734,0.0,0.0,0.7124502479832941,0.0,0.15467106705362293,0.0,0.0,0.06590698769666661,0.048444494701656786,0.31411541274973526,0.0,0.0,0.05047045520408079,0.0,0.0,0.024717222369498356,0.3324767823922039,0.04943444473899671,0.035981504170399234,0.1946129316947476,0.0,0.0,0.0,0.030575323936307925,0.0,0.1478867370064217,3
0.018387329719282208,0.0,0.0,0.0,0.0,0.0,0.0,0.0,0.012163952848840719,0.0,0.0,0.0,0.0,0.0,0.0,0.0,0.01069947099060903,0.0,0.030881151969178105,0.0,0.0,0.0,0.01748160709810898,0.0,0.13640615475670803,0.0,0.7734264975603017,0.0,0.08050424304577578,0.0,0.0,0.13231432811349292,0.0,0.5205080541414258,0.2005899543986178,0.0,0.10132407204900741,0.0,0.0,0.0,0.06356930116933987,0.0,0.1605248283377397,0.0,0.05043648419532454,0.0,0.019482358805991532,0.027281230951341606,0.0,0.04948270010953429,3
0.0,0.0,0.0,0.0,0.0,0.0,0.0,0.0,0.0,0.0,0.0,0.0,0.0,0.0,0.0,0.0,0.6470063775274583,0.0,0.0,0.0,0.0,0.0,0.0,0.0,0.0,0.0,0.0,0.0,0.0,0.0,0.0,0.0,0.0,0.0,0.0,0.0,0.0,0.0,0.0,0.0,0.0,0.0,0.0,0.0,0.7624845883287059,0.0,0.0,0.0,0.0,0.0,2
0.0,0.0,0.0,0.0,0.14036850189838446,0.0,0.0,0.2312169285198486,0.0,0.0,0.0,0.0,0.12995623546089285,0.2071554186479866,0.0,0.0,0.0,0.0,0.0,0.0,0.0,0.0,0.0,0.0,0.0,0.8877115078671408,0.0,0.0,0.0,0.0,0.0,0.0,0.10150351272374333,0.09402164562947372,0.0,0.18935502921622588,0.0,0.0,0.0,0.0,0.0,0.0,0.0,0.0,0.0,0.0,0.0,0.0,0.0,0.1549301255369564,2
0.0,0.0,0.5974631246819612,0.0,0.15286692534481883,0.0,0.0,0.0074060148136303105,0.03659682544137993,0.0,0.0,0.0,0.0,0.013270620875833283,0.0,0.0,0.0,0.0,0.0,0.010779230156812338,0.2857112804155727,0.012876296941441868,0.4838802195686211,0.0,0.0,0.01895594934615632,0.006375215489117806,0.0666541333226728,0.0,0.02612181089209347,0.47274231078407153,0.0,0.019507304859030437,0.10239334101921618,0.0,0.0,0.013548736715469304,0.13576858203468903,0.0,0.019905931313749924,0.0,0.0,0.0,0.0,0.0,0.20475656051921476,0.023446078532839917,0.008207911189390814,0.0,0.0248125172354282,5
0.0,0.0,0.0,0.0,0.0,0.0,0.0,0.0,0.0,0.0,0.0,0.0,0.0,0.0,0.0,0.0,0.0,0.0,0.0,0.0,0.0,0.0,0.0,0.0,0.0,0.0,0.0,0.0,0.0,0.0,0.0,0.0,0.7427640843668053,0.0,0.0,0.0,0.0,0.0,0.0,0.0,0.0,0.0,0.0,0.0,0.0,0.0,0.6695532204199613,0.0,0.0,0.0,3
0.018932733146188742,0.0,0.0,0.0,0.0,0.0,0.0,0.0,0.050099035978762835,0.15702198717389845,0.0,0.0,0.0,0.0,0.007122919539311575,0.0,0.011016837798810965,0.0,0.026497621750292844,0.0,0.0,0.0,0.0,0.25313157850301937,0.0632035001884592,0.0,0.6654580323869136,0.05702864564056717,0.029604340403164564,0.0,0.0344233061245126,0.06055067759121183,0.0,0.520487301391305,0.11187574490466595,0.0,0.07534911088471974,0.0,0.0,0.0,0.36545646040920665,0.0,0.0909074662585728,0.04469914835269125,0.13632288323188457,0.0,0.0,0.007022611132051023,0.0,0.012737612949098582,2
0.0,0.0,0.0,0.0,0.0,0.0,0.0,0.0,0.0,0.0,0.07307578591994253,0.0,0.0,0.0,0.0,0.0,0.0,0.0,0.0,0.0,0.0,0.0,0.0,0.0,0.0,0.0,0.0,0.0,0.0,0.0,0.0,0.0,0.4649902250358136,0.0,0.0,0.0,0.0,0.0,0.0,0.677845962101815,0.0,0.0677845962101815,0.0,0.0,0.0,0.0,0.23951900682430805,0.0,0.0,0.5069563745354333,5
0.0,0.0,0.0,0.0,0.0,0.0,0.0,0.0,0.0,0.0,0.30388085591940456,0.0,0.0,0.0,0.0,0.0,0.0,0.0,0.0,0.0,0.0,0.0,0.0,0.0,0.0,0.0,0.0,0.0,0.0,0.0,0.0,0.0,0.8286991323902003,0.0,0.0,0.0,0.0,0.0,0.0,0.2818777910519854,0.0,0.2818777910519854,0.0,0.0,0.0,0.0,0.2490060143946847,0.0,0.0,0.0,1
0.0,0.0,0.0,0.0,0.0,0.0,0.0,0.0,0.0,0.11636149147427369,0.0,0.0,0.0,0.0,0.0,0.0,0.0,0.0,0.0,0.0,0.0,0.0,0.0,0.5940151040156904,0.0,0.0,0.5120023953538314,0.0,0.027788591921875827,0.03496464752331688,0.0,0.0,0.0,0.41116755943080274,0.0,0.0,0.08160883735043695,0.0,0.0,0.0,0.4352020360507566,0.0,0.0,0.0,0.0,0.0,0.0,0.06591887281289599,0.0,0.0,2
0.0,0.0,0.0,0.0,0.0,0.0,0.0,0.0,0.0,0.0,0.0,0.0,0.0,0.0,0.0,0.0,0.0,0.0,0.0,0.0,0.0,0.0,0.0,0.0,0.0,0.0,0.0,0.0,0.0,0.0,0.0,0.0,0.0,0.0,0.0,0.0,0.0,0.0,0.0,0.0,0.0,0.0,0.0,0.0,0.0,0.0,1.0,0.0,0.0,0.0,2
0.0,0.0,0.0,0.0,0.0,0.0,0.0,0.0,0.0,0.0,0.0,0.0,0.0,0.0,0.0,0.0,0.0,0.0,0.0,0.0,0.0,0.0,0.0,0.0,0.8137932133736921,0.0,0.0,0.0,0.0,0.0,0.0,0.0,0.0,0.0,0.0,0.0,0.0,0.0,0.0,0.0,0.0,0.0,0.0,0.0,0.0,0.0,0.5811545455960234,0.0,0.0,0.0,1
0.0,0.0,0.0,0.0,0.0,0.0,0.0,0.0,0.0,0.0,0.0,0.0,0.0,0.0,0.0,0.0,0.0,0.0,0.6058554363100512,0.0,0.0,0.0,0.0,0.0,0.0,0.0,0.0,0.0,0.0,0.0,0.0,0.0,0.0,0.0,0.0,0.0,0.0,0.0,0.0,0.0,0.0,0.0,0.0,0.0,0.742132729583775,0.0,0.28666740654300593,0.0,0.0,0.0,1
0.3638089019205721,0.0,0.6366655783610012,0.0,0.0,0.0,0.0,0.0,0.0,0.0,0.11760606192464325,0.0,0.06843654099110329,0.10909057383474545,0.0,0.0,0.0,0.0,0.0,0.0,0.0,0.158773576084126,0.6053047214422724,0.0,0.0,0.0,0.0,0.0,0.0,0.07157774471603857,0.0,0.0,0.05345298965165723,0.0,0.0,0.0,0.05568840662602466,0.0,0.0,0.0,0.0,0.10909057383474545,0.0,0.0,0.0,0.0,0.04818437255599408,0.0,0.0,0.12238214483664434,5
0.0,0.0,0.0,0.0,0.0,0.0,0.0,0.0,0.0,0.0,0.0,0.0,0.0,0.0,0.0,0.0,0.0,0.0,0.0,0.0,0.6847117876931764,0.0,0.0,0.0,0.0,0.0,0.0,0.2573552283708682,0.0,0.3025731911501107,0.0,0.0,0.0,0.0,0.0,0.0,0.0,0.0,0.0,0.0,0.0,0.0,0.0,0.0,0.0,0.0,0.6110544314718873,0.0,0.0,0.0,8
0.016829697628299972,0.0,0.0,0.0,0.0,0.0,0.0,0.022530640566527572,0.21153682340987023,0.10284848614794222,0.0,0.0,0.0,0.0,0.1772878892998473,0.0,0.029379284154438905,0.0,0.028265140071417404,0.0,0.0,0.0,0.0,0.5019540614621991,0.0,0.0,0.6012367598979962,0.022530640566527572,0.06315818348551377,0.0,0.0,0.0,0.0,0.35731098389623667,0.0,0.018451460842621118,0.061827121214692755,0.0,0.0,0.0,0.3781973167100298,0.0,0.0,0.026489330945498945,0.0,0.014157093883051995,0.0,0.049940352933076235,0.0,0.12077575785634591,5
0.0,0.0,0.0,0.0,0.0,0.0,0.0,0.0,0.0,0.0,0.0,0.0,0.0,0.0,0.3945843626148826,0.0,0.0,0.0,0.0,0.0,0.0,0.0,0.0,0.0,0.0,0.0,0.0,0.0,0.0,0.0,0.0,0.0,0.0,0.2854766528218835,0.0,0.0,0.0,0.0,0.0,0.0,0.3021639662550946,0.31449159995879034,0.0,0.0,0.7192192376548624,0.0,0.0,0.0,0.0,0.23520612388483728,1
0.0,0.15436775533455543,0.0,0.0,0.02288650124310627,0.0,0.038400127905031715,0.0,0.0,0.0,0.0,0.0,0.0,0.042219788291922994,0.03178323666848973,0.22432430926021468,0.00819305345150214,0.014079983519998108,0.015764700201814058,0.0,0.0,0.05735137416051498,0.12047788843841897,0.0,0.03133564971622865,0.012061472869360119,0.5273428063685127,0.0,0.026419553169324487,0.03324207167048872,0.038400127905031715,0.1013188748850221,0.1158480832309032,0.43690040638436495,0.05120017054004228,0.15436775533455543,0.04310459933278741,0.2337561239410087,0.4322297149367552,0.016887915316769194,0.2109371225474051,0.016887915316769194,0.036876267060829075,0.022161381113659142,0.07724284897465108,0.0,0.007459247620696911,0.020890433144152433,0.28159967039996214,0.05683660537206453,3
0.0,0.0,0.0,0.0,0.0,0.0,0.0,0.0,0.0,0.0,0.0,0.0,0.0,0.0,0.0,0.0,0.0,0.0,0.0,0.0,0.0,0.0,0.0,0.0,1.0,0.0,0.0,0.0,0.0,0.0,0.0,0.0,0.0,0.0,0.0,0.0,0.0,0.0,0.0,0.0,0.0,0.0,0.0,0.0,0.0,0.0,0.0,0.0,0.0,0.0,3
0.0,0.0,0.0,0.09194340531648942,0.0,0.0,0.0,0.0,0.0,0.0,0.3525691758905872,0.0,0.4103294415809319,0.3419062299066076,0.055954014761036154,0.0,0.05769509739299849,0.0,0.0,0.0,0.0,0.014423774348249622,0.0,0.0,0.0,0.0,0.07141390887045213,0.0,0.031007541982698613,0.4486707875998671,0.0,0.0,0.0,0.05397600229288082,0.0,0.0,0.0,0.01789238739126175,0.0,0.0,0.05713112709636169,0.3865026946770347,0.0,0.0,0.0,0.4587285364237893,0.01313191780396894,0.018388681063297885,0.0,0.03335339201108498,1
0.0,0.0,0.0,0.0,0.0,0.2784639906239128,0.0,0.0,0.0,0.0,0.0,0.0,0.0,0.0,0.0,0.0,0.0,0.27075680535114255,0.45473063138524117,0.0,0.1205483940602836,0.0,0.0,0.2784639906239128,0.0,0.0,0.39002901195611583,0.0,0.338697073272896,0.0,0.0,0.0,0.0,0.2947914093572857,0.0,0.0,0.0,0.0,0.0,0.08118826974681129,0.31202320956489266,0.0,0.0,0.10654033692548494,0.27850743301953246,0.0,0.0,0.0,0.0,0.0607201535257741,1
0.0,0.07830357946467661,0.0,0.0,0.0,0.2938169359284336,0.0,0.0,0.0,0.0,0.0,0.0,0.0,0.0,0.2149620942725985,0.0,0.0,0.2856848196127679,0.17992572462474277,0.0,0.0,0.0,0.0,0.0,0.0,0.0,0.5555695876337996,0.0,0.15634978340871272,0.0,0.0,0.02855241711455974,0.0,0.4082459812100994,0.0,0.0,0.06559487268243797,0.28354557687328547,0.0,0.042832268181052846,0.32922642230151083,0.0,0.0,0.05620718728854702,0.14693138674725545,0.0,0.03783729235085872,0.0,0.0,0.1601698070374757,5
0.0,0.0,0.35755869442099786,0.0,0.0,0.0,0.0,0.0,0.0,0.6243108588236882,0.0,0.0,0.0,0.0,0.0,0.0,0.0,0.0,0.0,0.0,0.0,0.0,0.0,0.0,0.0,0.0,0.0,0.0,0.0,0.0,0.0,0.0,0.0,0.3892985490045863,0.0,0.0,0.0,0.0,0.0,0.2144328132053516,0.4120546898032073,0.0,0.0,0.2813921794124084,0.0,0.0,0.18942627573612958,0.0,0.0,0.0,1
0.0,0.0,0.0,0.0,0.0,0.0,0.706368606914845,0.0,0.0,0.0,0.0,0.0,0.0,0.0,0.0,0.0,0.0,0.0,0.0,0.0,0.0,0.0,0.0,0.0,0.0,0.0,0.0,0.0,0.0,0.0,0.0,0.0,0.0,0.0,0.0,0.0,0.0,0.0,0.0,0.46597865164033814,0.0,0.0,0.0,0.0,0.5328295106135109,0.0,0.0,0.0,0.0,0.0,3
0.0,0.0,0.0,0.0,0.0,0.0,0.0,0.0,0.0,0.0,0.0,0.0,0.4026915414204682,0.1604765915100381,0.0,0.0,0.0,0.0,0.14980329467028114,0.0,0.0,0.0,0.0,0.0,0.0,0.0,0.0,0.7164650547005338,0.0,0.0,0.0,0.0,0.0,0.0,0.0,0.0,0.0,0.0,0.0,0.0,0.0,0.1604765915100381,0.0,0.0,0.0,0.0,0.14176227331151786,0.0,0.0,0.48007739562229834,3
0.0,0.0,0.0,0.0,0.0,0.0,0.0,0.0,0.0,0.0,0.0,0.0,0.0,0.0,0.0,0.0,0.0,0.0,0.0,0.0,0.0,0.0,0.0,0.0,0.0,0.0,0.0,0.0,0.0,0.0,0.0,0.0,0.0,0.0,0.0,0.0,0.0,0.0,0.0,0.0,0.0,0.0,0.0,0.0,0.0,0.0,1.0,0.0,0.0,0.0,3
0.01357386078699766,0.0,0.0,0.0,0.18754244572375955,0.37692662545086175,0.06169964494223055,0.0,0.16163371691209516,0.0,0.0,0.0,0.010213582738112393,0.0,0.05106791369056197,0.0,0.03159417532361875,0.36649424124893676,0.01519801820678599,0.0,0.0,0.0,0.0,0.0,0.030209250338544966,0.04651163217124716,0.4771014634528719,0.0,0.00848995635697405,0.0,0.037019786965338336,0.03255894679211737,0.0,0.4729212308888545,0.04935971595378444,0.0,0.03324412019610927,0.009797976773434304,0.0,0.06512343176164778,0.34413876052338305,0.0,0.23700468811718634,0.09614143066696,0.0,0.0,0.007191115574480231,0.020139500225696643,0.0,0.07305805605337157,1
0.0,0.0,0.0,0.0,0.0,0.0,0.0,0.5015431707826671,0.0,0.0,0.0,0.0,0.0,0.0,0.2818939893946385,0.0,0.0,0.0,0.0,0.0,0.0,0.21799911823239707,0.0,0.0,0.0,0.0,0.0,0.0,0.0,0.0,0.0,0.0,0.0,0.20394663389520157,0.0,0.0,0.0,0.0,0.0,0.4493502538011747,0.21586817413261286,0.0,0.0,0.0,0.0,0.0,0.0,0.277924221529588,0.0,0.504098987749234,5
0.0,0.0,0.0,0.0,0.0,0.0,0.0,0.0,0.0,0.0,0.0,0.0,0.0,0.0,0.0,0.0,0.0,0.0,0.0,0.0,0.0,0.0,0.0,0.0,0.0,0.0,0.0,0.0,0.0,0.0,0.0,0.0,0.0,0.0,0.0,0.0,0.0,0.0,0.0,0.0,0.0,0.0,0.0,0.0,0.0,0.0,0.0,0.0,0.0,0.0,1
0.0,0.0,0.0,0.0,0.0,0.0,0.0,0.0,0.0,0.0,0.0,0.0,0.4150676386095811,0.3308171791005504,0.0,0.0,0.32098725984901366,0.0,0.0,0.0,0.0,0.0,0.0,0.0,0.0,0.0,0.0,0.0,0.0,0.0,0.0,0.0,0.6483847918093928,0.0,0.0,0.0,0.0,0.0,0.0,0.0,0.0,0.3308171791005504,0.0,0.0,0.0,0.0,0.29223823187236664,0.0,0.0,0.0,5
0.0,0.0,0.0,0.0,0.0,0.0,0.0,0.0,0.0,0.0,0.0,0.0,0.0,0.0,0.0,0.0,0.0,0.0,0.24562023666067273,0.0,0.0,0.0,0.0,0.0,0.0,0.0,0.0,0.2936823196745728,0.0,0.0,0.0,0.0,0.0,0.0,0.0,0.0,0.0,0.0,0.0,0.0,0.0,0.0,0.0,0.0,0.9026055016565694,0.0,0.0,0.0,0.0,0.19678593149056645,3
0.0,0.0,0.0,0.4391561944023779,0.0,0.0,0.0,0.0,0.0,0.0,0.0,0.0,0.0,0.0,0.0,0.0,0.0,0.0,0.0828509119311986,0.0,0.0,0.17223339264768156,0.14070398910767623,0.0,0.0,0.0,0.42637452271578846,0.0,0.0925647827053273,0.0,0.0,0.0,0.0,0.3222620436234869,0.0,0.0,0.0,0.32047782798310176,0.0,0.0,0.34109961817263074,0.0,0.0,0.0,0.0,0.12449202114790363,0.07840370698889002,0.0,0.0,0.4646492435077113,1
0.0,0.0,0.0,0.0,0.0,0.0,0.0,0.0,0.0,0.0,0.0,0.0,0.0,0.0,0.0,0.0,0.0,0.0,1.0,0.0,0.0,0.0,0.0,0.0,0.0,0.0,0.0,0.0,0.0,0.0,0.0,0.0,0.0,0.0,0.0,0.0,0.0,0.0,0.0,0.0,0.0,0.0,0.0,0.0,0.0,0.0,0.0,0.0,0.0,0.0,3
0.0,0.0,0.0,0.0,0.0,0.0,0.0,0.0,0.0,0.0,0.0,0.0,0.0,0.0,0.0,0.0,0.0,0.0,0.3060972895284831,0.0,0.0,0.0,0.0,0.0,0.0,0.0,0.0,0.0,0.0,0.0,0.0,0.0,0.0,0.0,0.0,0.0,0.0,0.0,0.0,0.0,0.0,0.6558126749095758,0.0,0.0,0.37494887952068295,0.0,0.5793336884019842,0.0,0.0,0.0,3
0.0,0.0,0.0,0.0,0.0,0.0,0.0,0.06269912429784427,0.12393110005843042,0.0,0.1816778080628515,0.0,0.14096099645650242,0.11234872313137828,0.0,0.0,0.0,0.0,0.0,0.0,0.0,0.05450519359896298,0.0,0.09633495664530231,0.06948795767220706,0.0,0.7556136651237993,0.0,0.1171726649342692,0.0,0.0,0.14978555847548153,0.11009888249402074,0.05099172351910368,0.08515369831601899,0.0,0.1720548666413417,0.0,0.0,0.0,0.05397240465169995,0.39322053095982396,0.0,0.0,0.12846664745995637,0.23638139886402634,0.04962346920782601,0.0,0.0,0.08402484420761915,1
0.0,0.0,0.0,0.0,0.0,0.0,0.0,0.0,0.0,0.0,0.0,0.0,0.0,0.0,0.0,0.0,0.0,0.0,0.0,0.0,0.0,0.0,0.0,0.0,0.0,0.0,0.0,0.0,0.0,0.0,0.0,0.0,0.0,0.0,0.0,0.0,0.0,0.0,0.0,0.0,0.0,0.0,0.0,0.0,0.0,0.6217856133872194,0.7831874941447158,0.0,0.0,0.0,3
0.0,0.0,0.0,0.0,0.0,0.0,0.0,0.0,0.0,0.0,0.0,0.0,0.0,0.0,0.0,0.0,0.0,0.0,0.304344311921535,0.0,0.24204363316207753,0.0,0.0,0.0,0.0,0.0,0.31324859971262414,0.0,0.34002721809524067,0.0,0.0,0.0,0.1597497878487172,0.0,0.0,0.0,0.0,0.0,0.0,0.0,0.0,0.0,0.0,0.0,0.3728015982083835,0.6859629719123078,0.0,0.0,0.0,0.0,3
0.0,0.0,0.0,0.0,0.0,0.0,0.0,0.0,0.0,0.0,0.0,0.0,0.6205884361194035,0.0,0.0,0.0,0.0,0.0,0.0,0.0,0.0,0.0,0.784136463222361,0.0,0.0,0.0,0.0,0.0,0.0,0.0,0.0,0.0,0.0,0.0,0.0,0.0,0.0,0.0,0.0,0.0,0.0,0.0,0.0,0.0,0.0,0.0,0.0,0.0,0.0,0.0,5
0.0,0.0,0.0,0.0,0.0,0.0,0.0,0.4016804289405931,0.19849040153285466,0.0,0.19398574990459638,0.0,0.0,0.5398195405883631,0.0,0.0,0.0,0.0,0.0,0.0,0.0,0.17459310468451206,0.0,0.0,0.0,0.0,0.0,0.0,0.0,0.23612834675337457,0.0,0.0,0.3526729188113935,0.0,0.0,0.0,0.0,0.0,0.0,0.35987969372557543,0.0,0.17993984686278772,0.0,0.0,0.0,0.0,0.15895577984655518,0.0,0.0,0.2691515698261786,5
0.0,0.0,0.0,0.0,0.28209165096469685,0.0,0.0,0.0,0.22961435386256368,0.0,0.0,0.0,0.0,0.2081550107836766,0.0,0.0,0.0,0.0,0.0,0.0,0.0,0.2019698817242683,0.0,0.0,0.0,0.0,0.0,0.0,0.0,0.0,0.0,0.0,0.0,0.18895066117636736,0.0,0.0,0.0,0.0,0.0,0.4163100215673532,0.0,0.4163100215673532,0.0,0.0,0.0,0.0,0.5516417176899915,0.0,0.0,0.31135542736308697,8
0.0,0.0,0.0,0.0,0.0,0.0,0.0,0.0,0.0,0.0,0.28993900598342615,0.0,0.0,0.0,0.0,0.0,0.0,0.0,0.5021157374924767,0.0,0.0,0.0,0.0,0.0,0.0,0.0,0.0,0.0,0.0,0.0,0.0,0.0,0.0,0.0,0.0,0.0,0.0,0.0,0.0,0.0,0.0,0.0,0.0,0.0,0.30752923923716546,0.7544805670035106,0.0,0.0,0.0,0.0,3
0.0,0.0,0.0,0.0,0.0,0.0,0.0,0.0,0.0,0.0,0.0,0.0,0.0,0.0,0.0,0.0,0.0,0.0,0.0,0.0,0.0,0.0,0.0,0.0,0.0,0.0,0.0,0.0,0.0,0.0,0.0,0.0,0.0,0.0,0.0,0.0,0.28865760063784546,0.0,0.0,0.5654646128917491,0.0,0.0,0.0,0.0,0.6465880612679272,0.0,0.0,0.0,0.0,0.4229071295059586,2
0.0,0.0,0.0,0.3725513127308956,0.0,0.0,0.0,0.1680769002769395,0.0,0.0,0.0,0.0,0.0,0.0,0.0,0.0,0.0,0.0,0.2811411192131664,0.0,0.0,0.0,0.0,0.0,0.0,0.0,0.0,0.0,0.0,0.0,0.0,0.0,0.0,0.0,0.0,0.0,0.0,0.0,0.0,0.0,0.0,0.0,0.0,0.0,0.8609480648991383,0.0,0.0,0.0,0.0,0.11262226959966447,3
0.0,0.0,0.0,0.0,0.0,0.0,0.19951202042927066,0.0,0.0,0.0,0.0,0.0,0.0,0.1316144876139417,0.0,0.0,0.12770368773016605,0.0,0.0,0.0,0.0,0.0,0.0,0.0,0.0,0.3760001259584684,0.0,0.0,0.0,0.0,0.3990240408585413,0.0,0.0,0.0,0.0,0.0,0.0,0.0,0.0,0.5264579504557668,0.0,0.0,0.0,0.0,0.0,0.0,0.0,0.0,0.0,0.5906014688370799,3
0.0,0.0,0.0,0.0,0.0,0.0,0.0,0.0,0.4621749236284,0.0,0.0,0.0,0.0,0.0,0.0,0.0,0.0,0.0,0.0,0.0,0.0,0.022585070501158374,0.0,0.0,0.0,0.0,0.8722077450570963,0.025980352497172805,0.12138076775858968,0.0,0.0,0.06206596426599051,0.0,0.0,0.0,0.0,0.047529064499228904,0.0,0.0,0.046553432161106544,0.0,0.0,0.03388452165883979,0.0,0.0,0.0,0.0,0.0,0.0,0.017408497291476765,4
0.0,0.0,0.0,0.0,0.0,0.0,0.0,0.0,0.0,0.5509562629662791,0.0,0.0,0.0,0.0,0.0,0.0,0.18361460385116485,0.0,0.0,0.0,0.28098013822523293,0.0,0.0,0.0,0.0,0.5406195811802224,0.18181976880832887,0.0,0.19736295785307012,0.0,0.0,0.0,0.0,0.0,0.0,0.0,0.0,0.22777003740333662,0.0,0.18923762057185606,0.0,0.0,0.0,0.0,0.0,0.0,0.3343385478953261,0.0,0.0,0.14152952649205316,3
0.0,0.0,0.0,0.0,0.0,0.0,0.0,0.0,0.0,0.0,0.0,0.0,0.0,0.0,0.0,0.0,0.0,0.0,0.21270715614200603,0.0,0.0,0.0,0.0,0.0,0.0,0.0,0.0,0.0,0.0,0.0,0.0,0.303790528690462,0.0,0.0,0.0,0.0,0.0,0.0,0.0,0.0,0.0,0.0,0.0,0.2990151599789489,0.781656479065831,0.0,0.4025792633024227,0.0,0.0,0.0,3
0.0,0.0,0.0,0.0,0.0,0.0,0.0,0.0,0.0,0.0,0.0,0.0,0.0,0.3422506061859529,0.0,0.0,0.0,0.0,0.0,0.0,0.0,0.08302023836850235,0.0,0.0,0.0,0.0,0.0,0.0,0.0,0.7859647245470612,0.0,0.0,0.4192460784568812,0.0,0.0,0.0,0.0,0.0,0.0,0.0,0.0,0.08556265154648822,0.0,0.0,0.1956755125575933,0.0,0.0,0.0,0.0,0.191975171567656,5
0.0,0.0,0.0,0.0,0.25431221341213905,0.0,0.0,0.0,0.029571814875612158,0.0,0.0,0.3317747615030725,0.0,0.10723234572713762,0.13454161190946196,0.0,0.026011509525986652,0.0,0.0,0.3048529160631967,0.0,0.0,0.0,0.0,0.03316173292092225,0.0,0.6954456607902019,0.0,0.05591830225479603,0.0,0.0,0.0,0.07881372237291327,0.26768254104463296,0.0,0.0,0.1642194626648853,0.16133364049990406,0.0,0.0,0.10302898678373362,0.10723234572713762,0.0,0.0,0.0,0.0,0.0,0.2321321304464557,0.0,0.08019834042264969,1
0.0,0.0,0.0,0.28582702547208716,0.0,0.0,0.0,0.0,0.20390789356788236,0.0,0.0,0.0,0.0,0.04621275746757602,0.0,0.0,0.0,0.0,0.0,0.0,0.0,0.26903753480847437,0.0,0.0,0.0,0.0,0.0,0.0,0.0,0.0,0.0,0.0,0.0,0.0,0.0,0.0,0.09436250039577898,0.7230933206949506,0.0,0.0,0.0,0.0,0.0,0.0,0.0,0.0,0.040823558706925854,0.0,0.0,0.5184330945279423,5
0.0,0.0,0.025928876959893623,0.0,0.42146446686681543,0.0,0.0,0.0,0.017152987496210016,0.0,0.01676370805268233,0.38488867589344783,0.0,0.0,0.1755904682261788,0.0,0.015087849681649295,0.0,0.014515676501392022,0.32839569720761036,0.0,0.0,0.049303345991857865,0.0,0.0,0.0,0.5527935332244593,0.0,0.06487027890715166,0.020405553860955637,0.02357181243097266,0.0,0.0,0.4093427956357862,0.0,0.0,0.0635031341289813,0.07486463525767922,0.0,0.0,0.13446329186540903,0.0,0.0,0.0,0.0,0.0,0.0,0.07694120804392603,0.0,0.13955597276726436,2
0.0,0.0,0.0,0.7982197293194109,0.0,0.0,0.0,0.0,0.0,0.0,0.0,0.0,0.0,0.0,0.0,0.0,0.0,0.0,0.6023663866163569,0.0,0.0,0.0,0.0,0.0,0.0,0.0,0.0,0.0,0.0,0.0,0.0,0.0,0.0,0.0,0.0,0.0,0.0,0.0,0.0,0.0,0.0,0.0,0.0,0.0,0.0,0.0,0.0,0.0,0.0,0.0,5
0.0,0.0,0.0,0.0,0.42303174114054914,0.0,0.0,0.0,0.019129748074815624,0.0,0.0,0.4292443755536957,0.0,0.052025749041617046,0.06527534289576661,0.0,0.0,0.0,0.016188505627285313,0.3662409803436904,0.0,0.0,0.0,0.0,0.021452034620463255,0.0,0.583174806359798,0.0,0.018086530018619613,0.022757149725283244,0.0,0.0,0.0,0.33058102948469265,0.0,0.0,0.10623213228457001,0.06261919151877177,0.0,0.0,0.049986411973696965,0.034683832694411366,0.0,0.0,0.0,0.0,0.015319551978422176,0.15016424234324277,0.0,0.05187960410129656,2
0.0,0.0,0.0,0.0,0.0,0.0,0.0,0.0,0.0,0.0,0.0,0.0,0.0,0.8735310957243343,0.13699956957349263,0.0,0.0,0.0,0.0,0.0,0.0,0.0,0.0,0.0,0.0,0.0,0.0,0.3656225448472987,0.0,0.0,0.0,0.0,0.0,0.0991174062263873,0.0,0.0,0.0,0.0,0.0,0.0,0.10491123632785837,0.21838277393108357,0.0,0.0,0.0,0.0,0.09645780170564372,0.0,0.0,0.08166349401109521,1
0.0,0.0,0.0,0.0,0.0,0.0,0.0,0.0,0.0,0.0,0.0,0.0,0.14669584975221286,0.7015170929251773,0.0,0.0,0.0,0.0,0.0,0.0,0.0,0.0,0.0,0.0,0.0,0.0,0.0,0.39149984245876546,0.0,0.0,0.0,0.0,0.45831256958270095,0.0,0.0,0.0,0.0,0.0,0.0,0.0,0.0,0.35075854646258864,0.0,0.0,0.0,0.0,0.0,0.0,0.0,0.0,4
0.0,0.0,0.0,0.3260478578585088,0.0,0.0,0.0,0.0,0.0,0.0,0.0,0.0,0.0,0.0,0.0,0.0,0.0,0.0,0.0,0.0,0.7827229859853694,0.0,0.27857201196572035,0.0,0.0,0.0,0.0,0.0,0.0,0.0,0.0,0.0,0.3444002480653227,0.15950717965017852,0.0,0.0,0.0,0.0,0.0,0.17571898660447477,0.16883104650709718,0.0,0.0,0.0,0.0,0.0,0.0,0.0,0.0,0.0,3
0.0,0.0,0.0,0.0,0.3292369617912474,0.0,0.04803568747911233,0.10610680215466427,0.0,0.24602374163073687,0.0,0.0,0.0,0.0,0.02650563434680961,0.2204815880573705,0.010248896984649102,0.0,0.0,0.0,0.0,0.05124448492324551,0.016745425117922676,0.0,0.14372803032418235,0.0,0.5886254055499109,0.0,0.03304888469429213,0.0,0.0,0.12674233330026158,0.010351234720021927,0.4314708362803165,0.06404758330548309,0.0,0.03235237758972386,0.012713540211805218,0.2124127658502996,0.0,0.2232717055534145,0.0,0.04612945155576316,0.027722229986159565,0.0,0.0,0.0,0.039198553724777006,0.2994211041628842,0.01579963147679679,3
0.0,0.0,0.018065947507321937,0.01340219852002806,0.3670692596132667,0.0,0.0,0.0,0.0239026913645049,0.0,0.0,0.3831017454625728,0.0,0.021668788971770856,0.09515541433106774,0.0,0.010512460711995233,0.0,0.0,0.33441422589789144,0.0,0.0,0.0,0.0,0.02680439704005612,0.0,0.6454014791997617,0.0,0.045198373046957584,0.0,0.0,0.0,0.021234860390900324,0.3147140767982593,0.0,0.0,0.14379889807307134,0.09128339813641405,0.0,0.0,0.07286790894190857,0.032503183457656286,0.0,0.0,0.0,0.0,0.0,0.18763077928039282,0.0,0.08102969783607213,2
0.0,0.0,0.0,0.0,0.0,0.0,0.0,0.0,0.0,0.0,0.0,0.0,0.0,0.0,0.0,0.0,0.0,0.0,0.43914373245110155,0.0,0.0,0.0,0.0,0.0,0.0,0.0,0.0,0.0,0.0,0.0,0.0,0.0,0.0,0.0,0.0,0.0,0.0,0.0,0.0,0.47043217254907005,0.0,0.0,0.0,0.0,0.5379219485566514,0.0,0.41557172664189374,0.0,0.0,0.35183301515998716,5
0.0,0.0,0.0,0.0,0.0,0.0,0.0,0.03413884589812018,0.03373942438797933,0.11131281449785262,0.0,0.0,0.0,0.0,0.0,0.0,0.0,0.0,0.014275955423721258,0.22359625104440137,0.0,0.0,0.0,0.1311327820103677,0.26484693266755815,0.0,0.5730516128080126,0.11948596064342065,0.04784922751864439,0.0,0.0,0.12233439037203939,0.0,0.4303469700301747,0.20864279328610855,0.0,0.04684080235624866,0.0,0.0,0.0,0.45550256402688183,0.0,0.17810050319656417,0.12041138170339219,0.0,0.0,0.0,0.056752914143048186,0.0,0.0,4
0.0,0.0,0.0,0.014775643552510181,0.1133121307438346,0.22532711157339286,0.05432023341788571,0.0,0.013176108644406506,0.01738820106084463,0.025754165405187705,0.147826581541389,0.0,0.07166815987309658,0.20981370812351352,0.0,0.03476930417977806,0.21909062192177475,0.033450755561675614,0.13583120141623256,0.0,0.0,0.0,0.0,0.014775643552510181,0.0,0.6082533304269105,0.19998139448484942,0.024915130465245138,0.0,0.0,0.0,0.011705494719929104,0.412021753570914,0.0,0.0,0.09756017075493725,0.10063803719292336,0.0,0.0,0.35577081591007975,0.0,0.0,0.17242032861547363,0.0,0.0,0.0,0.13298079197259163,0.0,0.1340003206120507,2
0.0,0.0,0.0401962178157361,0.0,0.228681216633163,0.08268083386817567,0.0,0.05381240683833278,0.026591403193232797,0.0,0.05197584618318099,0.298336659064596,0.12098176130212551,0.09642487458346852,0.12098176130212551,0.0,0.023389925183136345,0.0803924356314722,0.0,0.2741281466750495,0.0,0.0,0.0,0.0,0.02981950936713656,0.0,0.6716773628092568,0.0,0.10056509060352753,0.06326738245658849,0.0,0.0,0.02362347928923842,0.28446837358299226,0.0,0.0,0.1722799324055874,0.11605883240404165,0.0,0.09642487458346852,0.13896773023639797,0.14463731187520276,0.0,0.0,0.0,0.0,0.0,0.20873656556995593,0.0,0.1983176426637003,3
0.0,0.0,0.0,0.0,0.0,0.0,0.0,0.0,0.0,0.0,0.30254912599594747,0.0,0.35211476898718447,0.0,0.0,0.0,0.0,0.0,0.0,0.0,0.0,0.0,0.0,0.0,0.0,0.0,0.0,0.0,0.0,0.0,0.0,0.0,0.2750224782008553,0.0,0.0,0.0,0.0,0.0,0.0,0.0,0.0,0.8419274626144762,0.0,0.0,0.0,0.0,0.0,0.0,0.0,0.0,8
0.8342783168868627,0.043555810957820545,0.3774116195440569,0.014735910276108188,0.20987092727223405,0.0,0.0,0.0,0.0,0.0,0.0,0.14742906014727364,0.0,0.011912572761952695,0.01494639262541337,0.0,0.023117203882867098,0.0,0.0,0.11611366017820814,0.0,0.0,0.11331192238621843,0.0,0.0,0.0,0.14879301402274064,0.0,0.0,0.0,0.10834832107021565,0.0,0.07004410440086566,0.15138928857352704,0.0,0.0,0.02432445527088927,0.05735280617797977,0.0,0.0,0.011445616463287742,0.0,0.0,0.0,0.0,0.016709346488652764,0.010523362814679714,0.0,0.0,0.017818663933803852,4
0.0,0.0,0.0,0.0,0.18001379087126287,0.0,0.0,0.0,0.0,0.0,0.0,0.0,0.0,0.0,0.0,0.0,0.0,0.0,0.24799452001273592,0.0,0.0,0.0,0.0,0.0,0.0,0.0,0.1276250829856516,0.0,0.1385353421103783,0.0,0.0,0.0,0.5206875293255745,0.24115371504026673,0.0,0.0,0.13561570198012185,0.0,0.0,0.0,0.1276250829856516,0.0,0.0,0.0,0.15188842009885295,0.0,0.0,0.0,0.0,0.6954085563576288,3
0.0,0.0,0.0,0.0,0.0,0.0,0.0,0.0,0.0,0.0,0.0,0.0,0.0,0.0962679022375123,0.0,0.0,0.0,0.0,0.0,0.0,0.0,0.0,0.0,0.0,0.0,0.0,0.0,0.9670464781521029,0.0,0.0,0.0,0.0,0.09434008826250302,0.0,0.0,0.0,0.0,0.0,0.0,0.0,0.0,0.0,0.0,0.0,0.0,0.0,0.0,0.0,0.0,0.21599432362686385,3
0.0,0.0,0.0,0.17998004532108164,0.0,0.0,0.0,0.0,0.0,0.0,0.0,0.0,0.0,0.4364899104461379,0.0,0.0,0.1411733420120262,0.0,0.0,0.0,0.0,0.0,0.0,0.0,0.0,0.0,0.0,0.8119817886971527,0.0,0.0,0.0,0.0,0.28516598450841935,0.0,0.0,0.0,0.0,0.0,0.0,0.0,0.0,0.0,0.0,0.0,0.0,0.0,0.12852923781620987,0.0,0.0,0.0,3
0.0751421790335564,0.0,0.0,0.0,0.0,0.0,0.0,0.0,0.0,0.0,0.0,0.0,0.0,0.0,0.05654035168950896,0.0,0.0,0.0,0.12619978460477776,0.0,0.0,0.0,0.0,0.0,0.16723236911217496,0.0,0.7360549356660313,0.0,0.09399740141344567,0.0,0.0,0.18023981882449094,0.0,0.49087450631023116,0.27324551735476704,0.0,0.04600820044474686,0.0,0.0,0.0,0.04329734915682538,0.04506378698646306,0.1968015841523108,0.0,0.05152878888735349,0.0,0.0,0.0,0.0,0.03370289911096777,1
0.0,0.0,0.0,0.34473120976484006,0.0,0.0,0.0,0.0,0.0,0.0,0.10014526682670113,0.0,0.0,0.7431524835485925,0.0,0.0,0.0,0.0,0.0,0.0,0.0,0.0,0.0,0.0,0.0,0.0,0.0,0.0,0.0,0.0,0.0,0.0,0.27310142812774973,0.0,0.0,0.0,0.0,0.0,0.0,0.0,0.0,0.46447030221787033,0.0,0.0,0.0,0.13029922869785662,0.08206102249370663,0.0,0.0,0.0694748345956454,5
0.0,0.0,0.0,0.0,0.2921374792064838,0.0,0.05683049507665734,0.0,0.0,0.21830099304136344,0.0,0.0,0.0,0.0,0.0,0.19563701170150616,0.009094018221565055,0.0,0.0,0.0,0.0,0.0818461639940855,0.0,0.0,0.12753229237014524,0.0,0.6213535615214667,0.0,0.048874716317027014,0.0,0.0,0.11246059846270495,0.0,0.44240595941501387,0.05683049507665734,0.0,0.028706807352301134,0.0,0.2570146505471343,0.0,0.20711785384048892,0.0,0.04093143619525565,0.024598399712101683,0.0,0.0,0.0,0.04637537904368917,0.2969380001625314,0.0,5
0.0,0.0,0.0,0.0,0.0,0.1811287098703721,0.0,0.0,0.0,0.0,0.11386336497997154,0.0,0.0,0.0,0.0,0.0,0.0,0.17611552119178922,0.0,0.0,0.4704689114918406,0.10248050906551634,0.0,0.0,0.0,0.3017350947479331,0.10147876081118057,0.0,0.11015385468932219,0.0,0.16010573994921212,0.0,0.0,0.28762347802018806,0.0,0.0,0.0,0.0,0.0,0.5280943695053428,0.3044362824335417,0.10561887390106856,0.0,0.0,0.0,0.14814787661913859,0.0933019048319047,0.0,0.0,0.23697490752637226,3
0.0,0.0,0.0,0.0,0.0,0.0,0.0,0.0,0.0,0.0,0.0,0.0,0.0,0.0,0.0,0.0,0.0,0.0,0.0,0.0,0.0,0.0,0.0,0.0,0.0,0.0,0.0,1.0,0.0,0.0,0.0,0.0,0.0,0.0,0.0,0.0,0.0,0.0,0.0,0.0,0.0,0.0,0.0,0.0,0.0,0.0,0.0,0.0,0.0,0.0,5
0.0,0.0,0.0,0.0,0.0,0.0,0.0,0.0,0.0,0.0,0.0,0.0,0.0,1.0,0.0,0.0,0.0,0.0,0.0,0.0,0.0,0.0,0.0,0.0,0.0,0.0,0.0,0.0,0.0,0.0,0.0,0.0,0.0,0.0,0.0,0.0,0.0,0.0,0.0,0.0,0.0,0.0,0.0,0.0,0.0,0.0,0.0,0.0,0.0,0.0,3
0.0,0.0,0.0,0.0,0.39184466436041093,0.0,0.0,0.0,0.0,0.1485568060745791,0.0,0.0,0.0,0.0,0.0,0.0,0.016502942810693755,0.0,0.0,0.0,0.555587514314883,0.0,0.0,0.0,0.08415754285244184,0.024294946707480586,0.5392736691830757,0.0,0.05321585872938585,0.0,0.0,0.06802753119940468,0.0,0.4014177269857941,0.10313047404385828,0.0,0.08682388585374567,0.0,0.0,0.0,0.14707463704992976,0.0,0.07427840303728955,0.0,0.0,0.0,0.0,0.02103938571311046,0.0,0.050881653914983026,3
0.0,0.0,0.0,0.0,0.0,0.0,0.0,0.0,0.0,0.0,0.0,0.0,0.0,0.0,0.0,0.0,0.0,0.0,0.0,0.0,0.0,0.0,0.0,0.0,0.0,0.0,0.0,0.0,0.0,0.0,0.0,0.0,0.0,0.0,0.0,0.0,0.0,0.0,0.0,0.0,0.0,1.0,0.0,0.0,0.0,0.0,0.0,0.0,0.0,0.0,3
0.0,0.0,0.0,0.0,0.0,0.0,0.0,0.0,0.0,0.0,0.0,0.0,0.0,0.0,0.0,0.0,0.0,0.0,0.0,0.0,0.0,0.0,0.0,0.0,0.0,0.0,0.0,1.0,0.0,0.0,0.0,0.0,0.0,0.0,0.0,0.0,0.0,0.0,0.0,0.0,0.0,0.0,0.0,0.0,0.0,0.0,0.0,0.0,0.0,0.0,6
0.0,0.0,0.0,0.0,0.0,0.0,0.0,0.0,0.0,0.0,0.2707017930040077,0.0,0.0,0.0,0.0,0.0,0.0,0.0,0.468800774058365,0.0,0.0,0.0,0.0,0.0,0.0,0.0,0.0,0.8408010308668118,0.0,0.0,0.0,0.0,0.0,0.0,0.0,0.0,0.0,0.0,0.0,0.0,0.0,0.0,0.0,0.0,0.0,0.0,0.0,0.0,0.0,0.0,4
0.0,0.0,0.0,0.0,0.0,0.0,0.0,0.19487444701033568,0.0,0.0,0.5646707633764411,0.0,0.3285894724461637,0.0,0.0,0.0,0.0,0.0,0.0,0.0,0.0,0.2541104739676817,0.0,0.0,0.0,0.0,0.0,0.0,0.0,0.34367156835391266,0.0,0.0,0.0,0.0,0.0,0.0,0.0,0.0,0.0,0.0,0.0,0.5237847148041607,0.0,0.0,0.09982143755352055,0.0,0.0,0.0,0.0,0.2611566785575085,5
0.0,0.0,0.0,0.29766411326877207,0.0,0.0,0.0,0.0,0.0,0.0,0.0,0.0,0.0,0.0,0.0,0.0,0.0,0.0,0.0,0.0,0.0,0.0,0.0,0.0,0.0,0.0,0.0,0.8057487885117847,0.0,0.0,0.0,0.0,0.0,0.2184321812559367,0.0,0.0,0.0,0.0,0.0,0.0,0.23120046278259462,0.0,0.0,0.0,0.0,0.0,0.0,0.0,0.4012464251362178,0.0,2
0.0,0.0,0.0,0.8815500715027446,0.0,0.0,0.0,0.0,0.0,0.0,0.0,0.0,0.0,0.0,0.0,0.0,0.23049105161068228,0.0,0.0,0.0,0.0,0.0,0.0,0.0,0.0,0.0,0.0,0.0,0.0,0.0,0.0,0.0,0.0,0.0,0.0,0.0,0.0,0.2859192806311546,0.0,0.23754961345703263,0.0,0.0,0.0,0.0,0.0,0.0,0.0,0.0,0.0,0.17766173665335225,5
0.0,0.0,0.0,0.0,0.0,0.0,0.0,0.39811487864977907,0.0,0.0,0.769055275973892,0.0,0.0,0.0,0.0,0.0,0.0,0.0,0.0,0.0,0.0,0.0,0.0,0.0,0.0,0.0,0.3427036273469465,0.0,0.0,0.0,0.0,0.0,0.0,0.0,0.0,0.0,0.3641603351514792,0.0,0.0,0.0,0.0,0.0,0.0,0.0,0.0,0.0,0.0,0.0,0.0,0.0,3
0.0,0.0,0.0,0.0,0.0,0.0,0.0,0.0,0.0,0.0,0.0,0.0,0.0,0.4840455954401968,0.0,0.0,0.0,0.0,0.0,0.0,0.0,0.0,0.0,0.0,0.0,0.0,0.0,0.0,0.0,0.0,0.0,0.0,0.7115285022660951,0.0,0.0,0.0,0.0,0.0,0.0,0.0,0.0,0.0,0.0,0.0,0.27674419935883054,0.0,0.4275975913392784,0.0,0.0,0.0,3
0.0,0.0,0.0,0.0,0.0,0.0,0.0,0.0,0.0,0.0,0.3502834278322309,0.0,0.13588974227482112,0.32492049747830737,0.0,0.0,0.0,0.0,0.0,0.0,0.0,0.0,0.0,0.0,0.0,0.0,0.0,0.8462081907918584,0.0,0.1421270149135662,0.0,0.0,0.0,0.0,0.0,0.0,0.0,0.13036018532344507,0.0,0.0,0.0,0.0,0.0,0.0,0.0,0.0,0.0,0.0,0.0,0.0,2
0.0,0.0,0.0,0.0,0.0,0.0,0.0,0.43572702186283374,0.0,0.0,0.4208561184456371,0.0,0.0,0.26025549313671803,0.0,0.0,0.0,0.0,0.36441885350126335,0.0,0.0,0.2525222475741434,0.0,0.0,0.0,0.0,0.25005383945444304,0.0,0.27143014041157937,0.0,0.0,0.0,0.2550437437884873,0.0,0.0,0.0,0.0,0.0,0.0,0.0,0.0,0.13012774656835902,0.0,0.0,0.14879630918107828,0.0,0.34485786993952455,0.0,0.0,0.09732165464585621,4
0.0,0.0,0.0,0.0,0.0,0.0,0.0,0.0,0.0,0.0,0.0,0.0,0.0,0.0,0.0,0.0,0.5315761634230329,0.0,0.0,0.0,0.0,0.0,0.0,0.0,0.0,0.0,0.0,0.0,0.0,0.0,0.4152418628687614,0.0,0.0,0.0,0.0,0.0,0.0,0.3297045008569406,0.0,0.0,0.0,0.0,0.0,0.0,0.0,0.0,0.24198293442754643,0.0,0.0,0.6146057104861937,3
0.0,0.0,0.0,0.0,0.0,0.0,0.0,0.3416428957269189,0.0,0.0,0.0,0.0,0.0,0.0,0.0,0.0,0.0,0.0,0.2857319058051172,0.0,0.0,0.0,0.0,0.0,0.0,0.0,0.2940916451553341,0.0,0.0,0.0,0.0,0.0,0.0,0.41677520084053205,0.0,0.0,0.46875712796261393,0.0,0.0,0.0,0.0,0.0,0.0,0.0,0.5250039526157037,0.21467079619872356,0.0,0.0,0.0,0.0,2
0.0,0.0,0.0,0.0,0.0,0.0,0.0,0.625697740860315,0.0,0.0,0.3021716686434606,0.0,0.0,0.0,0.0,0.0,0.0,0.0,0.2616501179888101,0.0,0.0,0.2719637385844462,0.0,0.0,0.0,0.0,0.0,0.0,0.0,0.36781720609673635,0.0,0.0,0.27467936282693267,0.0,0.0,0.0,0.0,0.0,0.0,0.0,0.0,0.0,0.0,0.0,0.3205040420889774,0.0,0.24760547236267927,0.0,0.0,0.0,2
0.0,0.0,0.0,0.0,0.0,0.0,0.0,0.0,0.0,0.0,0.583972364528789,0.0,0.0,0.0,0.0,0.0,0.0,0.0,0.0,0.0,0.0,0.0,0.0,0.0,0.0,0.0,0.0,0.6046069620803067,0.0,0.0,0.0,0.0,0.0,0.0,0.0,0.0,0.0,0.0,0.0,0.0,0.0,0.5416887472254504,0.0,0.0,0.0,0.0,0.0,0.0,0.0,0.0,3
0.0,0.0,0.0,0.0,0.0,0.0,0.0,0.0,0.0,0.0,0.09339943576925298,0.0,0.10870076269816888,0.08663667397041078,0.21740152539633775,0.0,0.25218704169902273,0.0,0.161748938931454,0.0,0.0,0.16812469446601513,0.0,0.0,0.2143399716853676,0.0,0.3329625469612435,0.0,0.1807132237414673,0.11369007448608029,0.0,0.0,0.0,0.3145743504746651,0.0,0.0,0.0,0.10427756600991592,0.0,0.17327334794082155,0.3329625469612435,0.4331833698520539,0.0,0.0,0.0,0.12152221295299284,0.0,0.0,0.0,0.38876986743413566,2
0.0,0.0,0.0,0.0,0.0,0.0,0.0,0.0,0.0,0.0,0.0,0.0,0.0,0.5550593744496437,0.0,0.0,0.0,0.0,0.0,0.0,0.0,0.0,0.0,0.0,0.0,0.0,0.0,0.6195306139902536,0.0,0.0,0.0,0.0,0.0,0.0,0.0,0.0,0.0,0.0,0.0,0.0,0.0,0.5550593744496437,0.0,0.0,0.0,0.0,0.0,0.0,0.0,0.0,5
0.0,0.0,0.0,0.0,0.0,0.0,0.0,0.46503582980404007,0.0,0.0,0.0,0.0,0.0,0.0,0.0,0.0,0.10106547825738565,0.0,0.0,0.0,0.0,0.30319643477215696,0.0,0.0,0.0,0.0,0.0,0.0,0.0,0.6834297476374673,0.0,0.0,0.20414928340101554,0.0,0.0,0.0,0.10634342794046908,0.0,0.0,0.0,0.0,0.0,0.0,0.0,0.35731117463392903,0.0,0.18402722078855277,0.0,0.0,0.0,8
0.0,0.0,0.0,0.0,0.0,0.0,0.0,0.45246060487043455,0.0,0.0,0.0,0.0,0.0,0.20268772408593339,0.5086139434489768,0.0,0.0,0.0,0.0,0.0,0.0,0.0,0.0,0.0,0.0,0.0,0.0,0.0,0.0,0.0,0.0,0.0,0.0,0.1839877855170688,0.0,0.0,0.0,0.0,0.0,0.6080631722578002,0.0,0.0,0.0,0.0,0.0,0.0,0.0,0.0,0.0,0.30317753445585627,1
0.0,0.0,0.0,0.0,0.0,0.0,0.0,0.0,0.130479465699744,0.0,0.25503658419196995,0.0,0.5936368028195128,0.0,0.0,0.0,0.11477036087472403,0.0,0.22083589982100119,0.0,0.0,0.22954072174944806,0.0,0.0,0.14631923036850727,0.0,0.0,0.0,0.0,0.0,0.0,0.0,0.0,0.10737212591100732,0.0,0.0,0.0,0.0,0.0,0.23657018067812294,0.11364847916566422,0.4731403613562459,0.0,0.0,0.0,0.0,0.0,0.0,0.0,0.35385845110857084,0
0.0,0.0,0.0,0.0,0.0,0.0,0.0,0.0,0.0,0.0,0.0,0.0,0.0,0.0,0.0,0.0,0.0,0.0,1.0,0.0,0.0,0.0,0.0,0.0,0.0,0.0,0.0,0.0,0.0,0.0,0.0,0.0,0.0,0.0,0.0,0.0,0.0,0.0,0.0,0.0,0.0,0.0,0.0,0.0,0.0,0.0,0.0,0.0,0.0,0.0,1
0.0,0.051526369465213724,0.0,0.0,0.0,0.0,0.0,0.0,0.0,0.0,0.12154062740385202,0.0,0.07072611728754102,0.11274024970087804,0.0,0.0,0.5196038296490678,0.0,0.18417331901425163,0.0,0.0,0.38286597974141834,0.0,0.0,0.20919035341436798,0.0,0.0,0.0,0.0,0.07397241144350537,0.0,0.0,0.0,0.1535082771390112,0.0,0.0,0.02877574408020209,0.4070889944657684,0.0,0.16911037455131706,0.16248148286315559,0.3664058115278536,0.0,0.0,0.0,0.07906838988996065,0.0,0.0,0.28198522340752374,0.0,1
0.0,0.0,0.0,0.0,0.0,0.0,0.0,0.0,0.4077015669368406,0.0,0.3984489606991456,0.0,0.0,0.0,0.0,0.0,0.0,0.0,0.0,0.0,0.0,0.3586162444457608,0.0,0.0,0.0,0.0,0.0,0.0,0.0,0.0,0.0,0.0,0.0,0.0,0.0,0.0,0.0,0.0,0.0,0.0,0.0,0.7391970287106369,0.0,0.0,0.0,0.0,0.0,0.0,0.0,0.0,5
